iso,angry_avg,disgust_avg,fear_avg,happy_avg,neutral_avg,sad_avg,surprise_avg,anger_dom_pct,disgust_dom_pct,fear_dom_pct,happy_dom_pct,neutral_dom_pct,sad_dom_pct,surprise_dom_pct
AFG,0.13406404372389344,0.209993673551997,0.004042289177463813,0.07605202085952359,0.3707080607895147,0.20204211225394497,0.0030977904627268963,9.090909090909092,18.181818181818183,0.0,9.090909090909092,36.36363636363637,27.27272727272727,0.0
AGO,0.008364573819562793,0.006506866309791803,0.0012715264165308326,0.4774144229013473,0.49733394384384155,0.00784888700582087,0.0012597267923410982,0.0,0.0,0.0,50.0,50.0,0.0,0.0
ALB,0.006381149869412184,0.004707954358309507,0.0016722616273909807,0.11778157949447632,0.8577708005905151,0.010277378372848034,0.0014088362222537398,0.0,0.0,0.0,0.0,100.0,0.0,0.0
ARE,0.004501964993930112,0.02209743729326874,0.0032897445295626917,0.6613632570952177,0.01063319673994556,0.29428839357569814,0.003826008023073276,0.0,0.0,0.0,66.66666666666666,0.0,33.33333333333333,0.0
ARG,0.03213767879963692,0.02715828547511121,0.01496048153634986,0.6193334993360371,0.1071400234439603,0.09386641956195396,0.10540360782761127,0.0,0.0,0.0,65.51724137931035,10.344827586206897,10.344827586206897,13.793103448275861
ARM,0.1632951945066452,0.06109473885347446,0.011731772062679132,0.004836413815307121,0.4501497596502304,0.21970547984043756,0.08918667452720304,33.33333333333333,0.0,0.0,0.0,33.33333333333333,33.33333333333333,0.0
AUS,0.33230437378052813,0.1806599955956559,0.022682320712379012,0.21638204955021278,0.16519919745415115,0.04482792219175444,0.037944156462729625,30.76923076923077,26.923076923076923,1.282051282051282,21.794871794871796,17.94871794871795,1.282051282051282,0.0
AUT,0.26654317136853933,0.14443322718143464,0.024049597093835473,0.16368761395569892,0.26680380031466483,0.05905339494347572,0.07542921924032271,40.0,20.0,0.0,20.0,20.0,0.0,0.0
AZE,0.04892590942714984,0.09639476828742773,0.014749502118502279,0.21976518454806257,0.4333011408646901,0.13483895356184802,0.05202455124817788,0.0,6.666666666666667,0.0,26.666666666666668,46.666666666666664,13.333333333333334,6.666666666666667
BDI,0.014339429947237173,0.07365800517921646,0.0028691296465694904,0.7134604305028915,0.12098454872223859,0.06783421601479252,0.006854287038246791,0.0,0.0,0.0,66.66666666666666,33.33333333333333,0.0,0.0
BEL,0.012249658541501654,0.09220990671989664,0.008999641260743374,0.5776350848997632,0.18476785940583795,0.09777391184373603,0.02636395213388217,0.0,0.0,0.0,66.66666666666666,16.666666666666664,16.666666666666664,0.0
BEN,0.00029448058921843767,0.00043079769238829613,0.00014110683696344495,0.9962792992591858,0.0017317782621830702,0.0008781373617239296,0.0002444032288622111,0.0,0.0,0.0,100.0,0.0,0.0,0.0
BGD,0.017309097051530935,0.06843422179428252,0.00783345084458303,0.6289984280816637,0.0966412686707022,0.07027530537407774,0.11050825514561999,0.0,7.6923076923076925,0.0,61.53846153846154,7.6923076923076925,7.6923076923076925,15.384615384615385
BGR,0.15332868695259094,0.2722534239292145,0.060052115470170975,0.004999492783099413,0.1565881073474884,0.027508661150932312,0.32526955008506775,0.0,0.0,0.0,0.0,0.0,0.0,100.0
BHR,0.11453277245163918,0.14979014173150063,0.03558341693133116,0.12771879136562347,0.08871558122336864,0.34233321249485016,0.14132598415017128,0.0,50.0,0.0,0.0,0.0,50.0,0.0
BIH,0.022337432950735092,0.027302531525492668,0.0016844234196469188,0.47229430079460144,0.4515763819217682,0.02009858563542366,0.00470632454380393,0.0,0.0,0.0,100.0,0.0,0.0,0.0
BLR,0.11733422618359328,0.041458942340686915,0.021151372690219432,0.33054921350441874,0.3587592217652127,0.047232289290986954,0.08351473550312222,16.0,0.0,0.0,36.0,36.0,0.0,12.0
BOL,0.00588015209983236,0.006873007323260286,0.002073222931358032,0.43342032386655255,0.4784467393765226,0.015388683345268614,0.057917901156802794,0.0,0.0,0.0,42.857142857142854,57.14285714285714,0.0,0.0
BRA,0.05824316664984508,0.022924067374030226,0.007672367969765522,0.29057439038903493,0.47747727941350604,0.10034411379031856,0.042764613145360876,2.083333333333333,0.0,0.0,29.166666666666668,60.416666666666664,4.166666666666666,4.166666666666666
BRB,0.03916561327059753,0.06076027163362596,0.01907192988922664,0.5846623801626265,0.0030568240181310102,0.030063126876484603,0.26321986663970165,0.0,0.0,0.0,66.66666666666666,0.0,0.0,33.33333333333333
BRN,0.14431752457416483,0.05037247027004404,0.010184510629707282,0.634489453830091,0.09253141244075128,0.010038313788494893,0.0580662902378078,0.0,0.0,0.0,85.71428571428571,14.285714285714285,0.0,0.0
BTN,0.006104610729380511,0.02204798674210906,0.0020667676581069827,0.02532360330224037,0.6290854215621948,0.30896514537744224,0.006406495929695666,0.0,0.0,0.0,0.0,50.0,50.0,0.0
BWA,0.001535799354314804,0.0008970271155703813,0.0007140203379094601,0.9946275055408478,0.00031993786979001015,0.0008770188433118165,0.0010287266341038048,0.0,0.0,0.0,100.0,0.0,0.0,0.0
CAF,0.11689899985988934,0.28072261934479076,0.002665508557887127,0.31160357167633873,0.24718686503668627,0.03283586073666811,0.008086580705518523,0.0,33.33333333333333,0.0,33.33333333333333,33.33333333333333,0.0,0.0
CAN,0.09338679984368635,0.058723639527437255,0.035577178818176694,0.34059034047710995,0.16237333073438956,0.0982434353141938,0.21110527664915515,7.6923076923076925,2.564102564102564,0.0,33.33333333333333,15.384615384615385,7.6923076923076925,33.33333333333333
CHL,0.20640697692182253,0.17010305451483212,0.010093051540686494,0.13849464381663976,0.35498272225430066,0.11428908271376383,0.005630457488057966,27.27272727272727,9.090909090909092,0.0,9.090909090909092,36.36363636363637,18.181818181818183,0.0
CHN,0.042298949507994385,0.19480575066071493,0.007761133375423889,0.40352803214222505,0.2158969383659158,0.06822192924934059,0.0674872648035726,0.6749740394600208,25.02596053997923,0.0,46.00207684319834,21.754932502596052,2.699896157840083,3.8421599169262723
CIV,0.30018922686576843,0.12483661621809006,0.007773088291287422,0.004489056300371885,0.005443462636321783,0.5332910418510437,0.023977456614375114,0.0,0.0,0.0,0.0,0.0,100.0,0.0
CMR,0.02902917688091596,0.18589207033316293,0.020299998422463734,0.6013646125793457,0.005531277934399744,0.025330133115251858,0.1325527479251226,0.0,33.33333333333333,0.0,66.66666666666666,0.0,0.0,0.0
COG,0.04282434498891234,0.10996204949915409,0.005381928890710696,0.3544278174522333,0.22764352541416882,0.25110900979489087,0.008651325665414333,0.0,10.0,0.0,40.0,20.0,30.0,0.0
COL,0.2770699609973235,0.08944144945417065,0.015505650486375089,0.3843343173211906,0.12278710969985696,0.09721816534147365,0.013643348291225266,37.5,0.0,0.0,37.5,12.5,12.5,0.0
COM,0.04147272169939242,0.16165974069735967,0.004795561850187369,0.26539142106776126,0.4891046027187258,0.02258469062508084,0.014991276664659381,0.0,25.0,0.0,25.0,50.0,0.0,0.0
CRI,0.007816986180841923,0.012799381278455257,0.005684785079210997,0.001197607023641467,0.9004979133605957,0.07108502835035324,0.000918337784241885,0.0,0.0,0.0,0.0,100.0,0.0,0.0
CUB,0.1138766992080491,0.08010263746005616,0.006416373895522806,0.25669875770940315,0.4659967680594751,0.03064169205858239,0.04626707961350413,7.142857142857142,7.142857142857142,0.0,21.428571428571427,64.28571428571429,0.0,0.0
CYP,0.8117414712905884,0.058298394083976746,0.023202134296298027,0.011989766731858253,0.04519008472561836,0.019352411851286888,0.030225688591599464,100.0,0.0,0.0,0.0,0.0,0.0,0.0
CZE,0.3214792385697365,0.16456534961859384,0.014442656810084978,0.008212191984057426,0.22329663826773563,0.24246379484732947,0.025540135412787397,33.33333333333333,0.0,0.0,0.0,33.33333333333333,33.33333333333333,0.0
DEU,0.2395298635558818,0.14347840769770423,0.013527705068373887,0.12644464054482607,0.2651304775867149,0.1755823685652626,0.03630652663534084,21.98581560283688,11.347517730496454,0.0,14.893617021276595,31.20567375886525,16.312056737588655,4.25531914893617
DJI,0.014368097142626842,0.03163855724657575,0.004007160818825166,0.11324739456176758,0.7977858781814575,0.009395508095622063,0.029557377720872562,0.0,0.0,0.0,0.0,100.0,0.0,0.0
DMA,0.0022701912093907595,0.0026575354859232903,0.001243002712726593,0.982218861579895,0.0007965990225784481,0.0013331237714737654,0.009480588138103485,0.0,0.0,0.0,100.0,0.0,0.0,0.0
DNK,0.0363791458948981,0.1694886572950054,0.023827075187000446,0.49695650779176503,0.026693857784266584,0.19832564987882506,0.0483291012205882,0.0,25.0,0.0,50.0,0.0,25.0,0.0
DZA,0.0936481279454061,0.09656485010470663,0.06562147608825139,0.5309756790686931,0.10184268500389797,0.046609580383769104,0.06473764244999204,0.0,0.0,14.285714285714285,85.71428571428571,0.0,0.0,0.0
ECU,0.035911110074569784,0.033706755532572664,0.013661631771052877,0.5244670376026382,0.22980341486011943,0.03987121535465121,0.12257883884012699,0.0,0.0,0.0,66.66666666666666,33.33333333333333,0.0,0.0
EGY,0.028510457673781693,0.14073584360392907,0.006145455860510433,0.5350376428284037,0.10402138772098204,0.1395613978831814,0.04598783785499668,0.0,15.384615384615385,0.0,69.23076923076923,0.0,7.6923076923076925,7.6923076923076925
ERI,0.021627706999424845,0.03300076839514077,0.0019267146417405456,0.3711055356543511,0.5216414900496602,0.03426006541121751,0.016437694313935935,0.0,0.0,0.0,25.0,75.0,0.0,0.0
ESP,0.09856774284404916,0.06974961689229531,0.024069393726070604,0.3449289127747761,0.2663785607389097,0.11668236455625447,0.07962339193242467,8.333333333333332,0.0,0.0,37.5,33.33333333333333,12.5,8.333333333333332
ETH,0.009501282340632035,0.03075907529833225,0.0202260415647358,0.5743020770426553,0.2289167370942708,0.0318678277712584,0.10442689971890874,0.0,0.0,0.0,61.53846153846154,23.076923076923077,0.0,15.384615384615385
FIN,0.057611238211393356,0.04252418875694275,0.02493152767419815,0.003172083292156458,0.6914044618606567,0.07828252762556076,0.10207393765449524,0.0,0.0,0.0,0.0,100.0,0.0,0.0
FJI,0.20116602351966625,0.13543789697966227,0.016906556944983702,0.4406496367106835,0.056700527241143085,0.1178719421538214,0.03126735864983251,16.666666666666664,16.666666666666664,0.0,50.0,0.0,16.666666666666664,0.0
FRA,0.11550504963617475,0.05707733958010514,0.031805740615052924,0.1945476982666909,0.3314719360564863,0.05118836781527053,0.21840387048700297,11.76470588235294,3.2085561497326207,1.06951871657754,19.786096256684495,37.4331550802139,3.2085561497326207,23.52941176470588
FSM,0.4059329330921173,0.2267674207687378,0.0072511956095695496,0.012601597234606743,0.027776652947068214,0.3141080439090729,0.005562140140682459,100.0,0.0,0.0,0.0,0.0,0.0,0.0
GAB,0.14485053368844092,0.10968426871113479,0.007833823779947124,0.17842533459770493,0.24016074324026704,0.19499639107380062,0.12404888836317696,12.5,0.0,0.0,25.0,25.0,12.5,25.0
GBR,0.1441021602251567,0.14717069225672103,0.018161598250515307,0.2514588088967611,0.22212897268252926,0.08703997465632415,0.12993779651131607,12.432432432432433,14.594594594594595,0.0,25.405405405405407,25.945945945945947,7.567567567567568,14.054054054054054
GEO,0.1368030495941639,0.10562671907246113,0.018786837783409283,0.008634204103145748,0.5270004703197628,0.1686620358377695,0.034486672695493326,25.0,0.0,0.0,0.0,50.0,25.0,0.0
GHA,0.027260474931002438,0.02972972983843647,0.002331050486342671,0.2493158377474174,0.6266521593788639,0.029692408551151555,0.03501836070790887,0.0,0.0,0.0,33.33333333333333,66.66666666666666,0.0,0.0
GIN,0.012008794583380222,0.03408839646726847,0.006565566640347242,0.12695498438552022,0.626524418592453,0.13412126898765564,0.05973659362643957,0.0,0.0,0.0,0.0,100.0,0.0,0.0
GMB,0.02353214586619288,0.09343248694203794,0.00435136329033412,0.5715600428171456,0.120791144418763,0.15136609936016612,0.0349667000817135,0.0,20.0,0.0,60.0,0.0,20.0,0.0
GNB,0.018276052161430318,0.03447979620735472,0.0012467113556340337,0.3658443056046963,0.5466924172748501,0.02776868041837588,0.00569205804883192,0.0,0.0,0.0,33.33333333333333,66.66666666666666,0.0,0.0
GNQ,0.21586425635032355,0.08476771228015423,0.005266027830657549,0.006168898683972657,0.19703509663231672,0.4869591506198049,0.0039388683973811565,20.0,0.0,0.0,0.0,20.0,60.0,0.0
GRC,0.09347611906741804,0.1821190815026057,0.005401902497396804,0.3641421027496108,0.23916836453281576,0.026766233011585427,0.08892622251369176,12.5,18.75,0.0,43.75,18.75,0.0,6.25
GTM,0.028501855209469795,0.022255056770518422,0.03878597539733164,0.439263736421708,0.16336353868246078,0.2938612373545766,0.013968648738227785,0.0,0.0,0.0,50.0,0.0,50.0,0.0
HND,0.0409599292712907,0.10233340047610302,0.035045173640052475,0.518432904034853,0.001735879632178694,0.005602147740622361,0.2958906168739001,0.0,0.0,0.0,66.66666666666666,0.0,0.0,33.33333333333333
HRV,0.08097457140684128,0.06843408523127437,0.012718839105218649,0.02625942075974308,0.23435505852103233,0.20223167864605784,0.37502635188866407,0.0,0.0,0.0,0.0,25.0,25.0,50.0
HTI,0.16214893199503422,0.1380250179208815,0.026951863896101713,0.2244239961146377,0.20037257205694914,0.11864808636407058,0.1294295572054883,0.0,33.33333333333333,0.0,16.666666666666664,16.666666666666664,16.666666666666664,16.666666666666664
HUN,0.3541592368468021,0.17971198912709951,0.04149288773381462,0.0229625131226688,0.19717004732228816,0.15096577047370374,0.05353754853422288,54.166666666666664,25.0,0.0,0.0,16.666666666666664,4.166666666666666,0.0
IDN,0.036110846477846105,0.07606474642976067,0.009083027315359832,0.489464629828299,0.21375905304035592,0.08374638163255557,0.09177132288459688,3.225806451612903,6.451612903225806,0.0,51.61290322580645,22.58064516129032,6.451612903225806,9.67741935483871
IND,0.20728746603329098,0.10236222779697171,0.015616097157876737,0.12197630755912067,0.40826576328127767,0.07908855972852072,0.06540357190280464,32.608695652173914,4.3478260869565215,0.0,8.695652173913043,47.82608695652174,2.1739130434782608,4.3478260869565215
IRL,0.11077172513857174,0.25919818587135524,0.01480602243100293,0.4000656697899103,0.11370094637580526,0.06475979493310054,0.0366976622317452,0.0,50.0,0.0,33.33333333333333,16.666666666666664,0.0,0.0
IRN,0.04433471128756467,0.03159730480267452,0.005628866156957184,0.24133003435025996,0.6332468699950439,0.040214221351421796,0.003648018576383877,0.0,0.0,0.0,30.76923076923077,69.23076923076923,0.0,0.0
IRQ,0.12774433319767317,0.05690781482391887,0.09507654387400383,0.12665564275812358,0.2441718210466206,0.1812391549659272,0.1682046532061779,0.0,0.0,0.0,11.11111111111111,44.44444444444444,11.11111111111111,33.33333333333333
ISL,0.028469505719840527,0.3920945536810905,0.14360874518752098,0.0014360995846800506,0.009083875920623541,0.21391834784299135,0.21138880401849747,0.0,50.0,0.0,0.0,0.0,50.0,0.0
ISR,0.2238788301967563,0.08702377933311961,0.012756554939187481,0.25564688805510133,0.26345290326086496,0.09817590921334664,0.059065136598292156,27.77777777777778,4.166666666666666,0.0,29.166666666666668,26.38888888888889,6.944444444444445,5.555555555555555
ITA,0.06525454005679569,0.15070072145239022,0.044843285227732455,0.2881246812742304,0.2505930564932626,0.11188324996446436,0.0886004632291686,8.108108108108109,10.81081081081081,2.7027027027027026,32.432432432432435,24.324324324324326,8.108108108108109,13.513513513513514
JAM,0.0008062234264798462,0.005222597159445286,0.0019283073488622904,0.9498334527015686,0.027269961312413216,0.0008927952731028199,0.014046600088477135,0.0,0.0,0.0,100.0,0.0,0.0,0.0
JOR,0.15188975998898968,0.06334363686619326,0.0045414354535751045,0.2619938949937932,0.42209515115246177,0.08538208511163248,0.010754065893706866,25.0,0.0,0.0,25.0,50.0,0.0,0.0
JPN,0.10151439758468889,0.10048450997738122,0.01174650677072831,0.11416339854159477,0.3434655799411145,0.10750633872774129,0.22111926685195138,12.396694214876034,7.43801652892562,0.0,14.87603305785124,36.36363636363637,9.090909090909092,19.834710743801654
KAZ,0.06674867268631478,0.04438541481099294,0.0037687036380267946,0.47394480299123604,0.314401965274516,0.0343563532382098,0.06239406857513013,8.695652173913043,0.0,0.0,47.82608695652174,34.78260869565217,4.3478260869565215,4.3478260869565215
KEN,0.15066300227911034,0.18492728447364198,0.026898409156793996,0.34750395152063684,0.10700233266245396,0.08445875096922031,0.09854626320330204,9.523809523809524,28.57142857142857,0.0,33.33333333333333,9.523809523809524,9.523809523809524,9.523809523809524
KGZ,0.01601502414268907,0.05933138901309576,0.003052191015740391,0.49729708721861243,0.3085717400535941,0.019386497762752697,0.09634606027248083,0.0,0.0,0.0,62.5,25.0,0.0,12.5
KHM,0.04901845760607449,0.09450794998736542,0.009010753966105681,0.4395562747460125,0.23285145480518363,0.07014876972728719,0.10490635085235615,2.380952380952381,9.523809523809524,0.0,47.61904761904761,23.809523809523807,7.142857142857142,9.523809523809524
KIR,0.020541440695524216,0.01582601643167436,0.0056395630817860365,0.7267929762601852,0.18974029854871333,0.020669516641646624,0.020790161564946175,0.0,0.0,0.0,100.0,0.0,0.0,0.0
KOR,0.1275986553281607,0.11907233732084646,0.01716711235387361,0.15994117205264047,0.3202054735677513,0.1733147069546823,0.0827005479774303,10.526315789473683,6.578947368421052,0.0,17.105263157894736,42.10526315789473,14.473684210526317,9.210526315789473
KWT,0.026281617775869865,0.04569135887625938,0.029303053600112133,0.22364176540092254,0.41917961824219674,0.05429572540257747,0.2016068079295413,0.0,0.0,0.0,16.666666666666664,50.0,0.0,33.33333333333333
LAO,0.02778206402581418,0.042522142490876526,0.01836844029700539,0.6353934993967414,0.16217031189444242,0.0668812114308821,0.04688232454645913,0.0,0.0,0.0,75.0,16.666666666666664,8.333333333333332,0.0
LBN,0.3096905295620672,0.17851863817777486,0.02766980740125291,0.15464143085991963,0.21159257078543306,0.0775084723602049,0.040378548816079274,30.0,20.0,0.0,10.0,30.0,10.0,0.0
LBR,0.3635773863643408,0.04748983960598707,0.02178656728938222,0.00781145371729508,0.0652443915605545,0.02243713289499283,0.4716532304883003,50.0,0.0,0.0,0.0,0.0,0.0,50.0
LBY,0.2203657872353991,0.0389005932956934,0.10722679202444851,0.007348708730811874,0.32112892360116047,0.027146794522802036,0.27788243420945946,33.33333333333333,0.0,0.0,0.0,33.33333333333333,0.0,33.33333333333333
LKA,0.29872553710910404,0.16040387529541145,0.007644838441840627,0.05778843146452511,0.3609037773514336,0.09191395300017162,0.022619616642425008,27.27272727272727,0.0,0.0,9.090909090909092,63.63636363636363,0.0,0.0
LSO,0.07569447159767151,0.18582814931869507,0.004304229281842709,0.3612257242202759,0.32257983088493347,0.02918218821287155,0.021185442805290222,0.0,0.0,0.0,100.0,0.0,0.0,0.0
LTU,0.04391110851429403,0.005030229775002226,0.0006515945788123645,0.9362844228744507,0.007422517635859549,0.005814394855406135,0.0008857443754095584,0.0,0.0,0.0,100.0,0.0,0.0,0.0
LUX,0.0032316669821739197,0.001210129470564425,0.00041154641075991094,0.9855431318283081,0.007016457617282867,0.0007841179030947387,0.0018029561033472419,0.0,0.0,0.0,100.0,0.0,0.0,0.0
MAR,0.05006846777541796,0.1593705349660013,0.0024375387947657146,0.2511363140074536,0.4905392797663808,0.03046417294535786,0.015983686396793928,0.0,25.0,0.0,25.0,50.0,0.0,0.0
MDA,0.035777179757133126,0.16735404077917337,0.03203320689499378,0.07935876213014126,0.4120244402438402,0.05337880738079548,0.22007358819246292,0.0,0.0,0.0,0.0,50.0,0.0,50.0
MDG,0.0007078504859237,0.0014004619151819497,0.00025499531329842284,0.9778768122196198,0.017742470066878013,0.0004327581846155226,0.001584651181474328,0.0,0.0,0.0,100.0,0.0,0.0,0.0
MEX,0.06462600987184228,0.06638576605525616,0.008808757683125026,0.39065865901440183,0.30751480700356687,0.10858104350128477,0.053424983981001005,7.142857142857142,0.0,0.0,46.42857142857143,32.142857142857146,10.714285714285714,3.571428571428571
MLI,0.011203053407371044,0.0853959247469902,0.0038751105312258005,0.19340306520462036,0.3798108696937561,0.22156468033790588,0.10474716871976852,0.0,0.0,0.0,0.0,100.0,0.0,0.0
MMR,0.017138754993668823,0.12044789751858584,0.020109030331825904,0.4681068878354771,0.18133923830464482,0.04158495639733571,0.15127323831464828,0.0,14.285714285714285,0.0,57.14285714285714,0.0,0.0,28.57142857142857
MNG,0.004946128002219749,0.023987279855646193,0.002991800140906972,0.4678800873119723,0.39844639388188213,0.011545960775534199,0.09020235822853548,0.0,0.0,0.0,54.54545454545454,36.36363636363637,0.0,9.090909090909092
MOZ,0.07172911101952195,0.2332020504400134,0.008038791362196207,0.10659055411815643,0.49010679110263783,0.07334090024232864,0.016991787085620064,0.0,33.33333333333333,0.0,0.0,66.66666666666666,0.0,0.0
MRT,0.22659985185600817,0.02511202616733499,0.022063798693125136,0.00793211770360358,0.5819743960164487,0.11229696497321129,0.024020827484491747,25.0,0.0,0.0,0.0,75.0,0.0,0.0
MWI,0.041048897604923695,0.00705959796323441,0.010994865122484043,0.6917985131343206,0.01013727771351114,0.001408394382451661,0.23755245348244594,0.0,0.0,0.0,66.66666666666666,0.0,0.0,33.33333333333333
MYS,0.08125841374903058,0.07740992204344366,0.013447227376813177,0.5003132459734423,0.21428732702042907,0.05222667602804275,0.061057169795206465,7.6923076923076925,7.6923076923076925,0.0,53.84615384615385,23.076923076923077,3.8461538461538463,3.8461538461538463
NAM,0.15276235528290272,0.2578479126095772,0.007637133589014411,0.007639396353624761,0.27643019426614046,0.1979508437216282,0.09973214217461646,0.0,0.0,0.0,0.0,50.0,50.0,0.0
NGA,0.03463861267082393,0.03744216039776802,0.012466579326428473,0.3698078490793705,0.2178097043186426,0.12026117313653231,0.2075739171123132,0.0,0.0,0.0,40.0,40.0,0.0,20.0
NLD,0.21822999828339865,0.08420649541076272,0.004200915443167711,0.40297057304996997,0.25214265738613906,0.0207437878047737,0.017505571067643663,26.666666666666668,6.666666666666667,0.0,46.666666666666664,20.0,0.0,0.0
NOR,0.43464637168550063,0.21291384353701556,0.007785418544829424,0.1399152375691171,0.1504769192875496,0.040960260500599234,0.013301965680771641,57.14285714285714,14.285714285714285,0.0,14.285714285714285,14.285714285714285,0.0,0.0
NPL,0.1191164559374253,0.04452310378352801,0.019510116272916395,0.15223911501622447,0.25151711485038203,0.10918481384093563,0.3039092623318235,0.0,0.0,0.0,16.666666666666664,33.33333333333333,16.666666666666664,33.33333333333333
NZL,0.07564127519726753,0.1590593658387661,0.1474009219557047,0.19806323274970056,0.026259542279876768,0.1755433135665953,0.21803234722465276,0.0,20.0,0.0,20.0,0.0,20.0,40.0
OMN,0.0004119698132853955,0.0022580381482839584,0.00020071640028618276,0.0028609640430659056,0.9906861186027527,0.0012020872673019767,0.0023800013586878777,0.0,0.0,0.0,0.0,100.0,0.0,0.0
PAK,0.2722154769985734,0.15371131798778864,0.016116595662543146,0.17077449811166961,0.24271729075775036,0.09742509563954588,0.04703971399272711,34.78260869565217,13.043478260869565,0.0,17.391304347826086,26.08695652173913,4.3478260869565215,4.3478260869565215
PER,0.04213449669380983,0.14435048419982194,0.02135146879591048,0.5191596406822403,0.0906151659922519,0.03362358564627357,0.14876516088843345,0.0,26.666666666666668,0.0,53.333333333333336,13.333333333333334,0.0,6.666666666666667
PHL,0.059971822204614805,0.1576089930644634,0.023853607944652647,0.2586994367561096,0.38561795099263285,0.07165108206875932,0.04259709626542948,2.7777777777777777,16.666666666666664,0.0,25.0,55.55555555555556,0.0,0.0
PNG,0.006902742354820172,0.00430850552705427,0.0017742091634621222,0.9555878639221191,0.005689480109140277,0.02122061882012834,0.004516587088194986,0.0,0.0,0.0,100.0,0.0,0.0,0.0
POL,0.23234799089841546,0.08145390808349476,0.006901786224625539,0.2283938446547836,0.4022993135382421,0.009704277676064521,0.03889883420197293,30.0,0.0,0.0,20.0,50.0,0.0,0.0
PRK,0.09066436451782162,0.1100691046876212,0.018237665716636306,0.09239675870824916,0.17137542064204656,0.07698010831372812,0.4402765851196212,6.666666666666667,6.666666666666667,0.0,10.0,20.0,3.3333333333333335,53.333333333333336
PRT,0.013315836965505565,0.018002386138375317,0.0590980753103005,0.13240603414098068,0.1495537534023502,0.13266463710793427,0.49495928766139385,0.0,0.0,0.0,14.285714285714285,14.285714285714285,14.285714285714285,57.14285714285714
PRY,0.33708318077697186,0.06736931173145422,0.007400438516924623,0.49965899222297594,0.018225789623102173,0.029122010731953196,0.04114034850499593,50.0,0.0,0.0,50.0,0.0,0.0,0.0
QAT,0.06373962783254683,0.040841308422386646,0.03258706098422408,0.22394011698197575,0.3578982153441757,0.034679084457457064,0.24631461527897044,0.0,0.0,0.0,40.0,40.0,0.0,20.0
ROU,0.43441152572631836,0.13455572724342346,0.007513351738452911,0.0021606688387691975,0.11106306314468384,0.3094283938407898,0.0008673464762978256,100.0,0.0,0.0,0.0,0.0,0.0,0.0
RUS,0.0607007507840992,0.10753205460280853,0.015269519848195684,0.12429614771426233,0.4604189712779867,0.18999071542423893,0.041791843004229313,4.845814977973569,8.370044052863436,0.0,12.334801762114537,52.863436123348016,18.94273127753304,2.643171806167401
RWA,0.29323046503122896,0.1850094257388264,0.015643160596179467,0.01740773306422246,0.42758262902498245,0.03502714051865041,0.02609946391021367,33.33333333333333,16.666666666666664,0.0,0.0,50.0,0.0,0.0
SAU,0.010505503033831095,0.033878770268832646,0.011777977090484152,0.41735295082132023,0.3108295847972234,0.17875264072790742,0.03690259647555649,0.0,0.0,0.0,33.33333333333333,66.66666666666666,0.0,0.0
SDN,0.020246023242361844,0.023597419355064632,0.014628333994187415,0.19175479668192566,0.6185692541301251,0.12453801017254591,0.0066661577671766285,0.0,0.0,0.0,20.0,60.0,20.0,0.0
SEN,0.06668621320277453,0.24121483117341996,0.003728404000867158,0.2165821715258062,0.252672691270709,0.19902873858809472,0.020086931553669272,0.0,20.0,0.0,40.0,20.0,20.0,0.0
SGP,0.020647945169184823,0.014941645399085246,0.014782967198698316,0.5715550560911652,0.13319121561362407,0.0822548278461909,0.1626263544370886,0.0,0.0,0.0,60.0,10.0,10.0,20.0
SLB,0.09233683596054713,0.35822849596540135,0.00461543786029021,0.29486590328936774,0.18230735075970492,0.05824117114146551,0.009404797572642565,0.0,33.33333333333333,0.0,33.33333333333333,33.33333333333333,0.0,0.0
SLE,0.04077789396978915,0.13059481357534727,0.00595437297791553,0.45015195198357105,0.19126248576988777,0.038256057227651276,0.14300247270148247,0.0,16.666666666666664,0.0,66.66666666666666,16.666666666666664,0.0,0.0
SOM,0.048044000315712765,0.03413229353463976,0.008000230605830438,0.5220697894692421,0.24721509140363196,0.003417620035179425,0.13712093434878625,0.0,0.0,0.0,75.0,25.0,0.0,0.0
SRB,0.15791829278027908,0.11844868078121855,0.02195005089555296,0.3838758333999243,0.16015473008155823,0.03585717889748799,0.12179522305321429,19.35483870967742,3.225806451612903,0.0,45.16129032258064,16.129032258064516,0.0,16.129032258064516
STP,0.0006770854815840721,0.00044163601705804467,0.0007415094296447933,0.9933187961578369,0.00024110071535687894,0.00040058125159703195,0.0041793049313127995,0.0,0.0,0.0,100.0,0.0,0.0,0.0
SUR,0.04911172389984131,0.0802949108183384,0.0010227156308246776,0.07527197897434235,0.7795077860355377,0.012354011181741953,0.002436794515233487,0.0,0.0,0.0,0.0,100.0,0.0,0.0
SVK,0.005593505222350359,0.00955220777541399,0.003685378236696124,0.9701630473136902,0.000493598694447428,0.004252733662724495,0.006259480956941843,0.0,0.0,0.0,100.0,0.0,0.0,0.0
SVN,0.00930436048656702,0.02246253937482834,0.02590419538319111,0.026387300342321396,0.002784452633932233,0.001258335541933775,0.9118987917900085,0.0,0.0,0.0,0.0,0.0,0.0,100.0
SWE,0.008200770702387672,0.006653484044363722,0.004172502280198387,0.660836304188706,0.06487147133157123,0.005960738504654728,0.24930470212711953,0.0,0.0,0.0,75.0,0.0,0.0,25.0
SWZ,0.0002613944234326482,0.00024783139815554023,0.00021299526270013303,0.9976007342338562,0.0005696508451364934,0.0003385782183613628,0.0007688790210522711,0.0,0.0,0.0,100.0,0.0,0.0,0.0
SYC,0.0005123468581587076,0.0019209599122405052,0.0003179538471158594,0.9841460585594177,0.010861956514418125,0.001748747774399817,0.000491893501020968,0.0,0.0,0.0,100.0,0.0,0.0,0.0
SYR,0.0977541462475942,0.06828075855843384,0.002839413794307885,0.32733072649518197,0.42820217231664254,0.01318727510938929,0.062405510170554575,9.090909090909092,0.0,0.0,36.36363636363637,45.45454545454545,0.0,9.090909090909092
TGO,0.15671616792678833,0.22566697001457214,0.09913450479507446,0.039374057203531265,0.016302425414323807,0.14565600454807281,0.3171498477458954,0.0,0.0,0.0,0.0,0.0,0.0,100.0
THA,0.015321126505215135,0.05198108645466467,0.009143216208839375,0.21051392075120626,0.4549252596981306,0.027072617098585598,0.23104276261195386,0.0,5.555555555555555,0.0,16.666666666666664,50.0,0.0,27.77777777777778
TJK,0.14941002674666898,0.11443637732771181,0.007929382572737745,0.03979817552941053,0.4826669343081968,0.20029589196755773,0.005463218374643475,9.523809523809524,4.761904761904762,0.0,9.523809523809524,57.14285714285714,19.047619047619047,0.0
TKM,0.05899935211831083,0.04152228543534875,0.04916569497436285,0.28941724511484307,0.4359173222134511,0.10438055948664744,0.02059753951228534,0.0,0.0,16.666666666666664,33.33333333333333,50.0,0.0,0.0
TLS,0.20575442968402058,0.1040747255901806,0.006291859244811349,0.007998557353857905,0.6006022095680237,0.05934393600909971,0.015934233786538243,50.0,0.0,0.0,0.0,50.0,0.0,0.0
TON,0.02320239134132862,0.01737799681723118,0.013465489260852337,0.008708823472261429,0.8426187038421631,0.07261960953474045,0.022007083520293236,0.0,0.0,0.0,0.0,100.0,0.0,0.0
TUN,0.19468767109157686,0.1640278164678338,0.06643964543896304,0.008091862159992823,0.36162034959786316,0.15252488766881553,0.05260777070229365,27.27272727272727,18.181818181818183,0.0,0.0,45.45454545454545,0.0,9.090909090909092
TUR,0.2666129187314904,0.08888394936608772,0.02190624524484433,0.026245405187919027,0.38573679928889587,0.11634981078982708,0.09426487978531181,38.095238095238095,2.380952380952381,0.0,2.380952380952381,42.857142857142854,2.380952380952381,11.904761904761903
TZA,0.004234918727888726,0.015000444429460913,0.005721776047721505,0.27011077641509473,0.4248500259127468,0.03093540552072227,0.2491466312785633,0.0,0.0,0.0,25.0,50.0,0.0,25.0
UGA,0.06877553653903305,0.13522147983894683,0.013093309954274445,0.27715843413025143,0.28931208490394056,0.19879981729900464,0.017639320343732834,20.0,20.0,0.0,20.0,20.0,20.0,0.0
UKR,0.09285069116242423,0.11334339858719253,0.06349031819458499,0.07972097465439613,0.4404865135822791,0.13871577144876487,0.07139233386770524,10.309278350515463,12.371134020618557,5.154639175257731,7.216494845360824,51.546391752577314,10.309278350515463,3.0927835051546393
URY,0.01143271941691637,0.025155650451779366,0.003199474886059761,0.5203267820179462,0.41753854451235384,0.015453229192644358,0.006893616053275764,0.0,0.0,0.0,50.0,50.0,0.0,0.0
USA,0.2302730032533873,0.19954720667562273,0.02667537532286975,0.0962453631069647,0.20589717858808376,0.15675264071632716,0.08460922817402808,23.473541383989144,22.388059701492537,0.6784260515603799,9.49796472184532,22.65943012211669,12.618724559023068,8.683853459972863
UZB,0.158450645731615,0.05470472433310198,0.007731696693410508,0.42168430520809796,0.2918296705159408,0.01862972593670221,0.046969211541612536,21.052631578947366,0.0,0.0,47.368421052631575,26.31578947368421,0.0,5.263157894736842
VEN,0.05393880533261432,0.11011873765124215,0.013756961742829945,0.17089333589602676,0.5059770911725031,0.13221221499972874,0.013102877509987189,0.0,11.11111111111111,0.0,22.22222222222222,55.55555555555556,11.11111111111111,0.0
VNM,0.16907784352026117,0.14057317928580398,0.06120687393492765,0.3176482744059864,0.14566488324304705,0.1404360932065174,0.025392859348688613,22.727272727272727,18.181818181818183,0.0,36.36363636363637,13.636363636363635,9.090909090909092,0.0
WSM,0.32274186611175537,0.410305380821228,0.03275730833411217,0.0059353383257985115,0.0024406237062066793,0.06131761521100998,0.16450196504592896,0.0,100.0,0.0,0.0,0.0,0.0,0.0
ZAF,0.17679599060927734,0.13309066282594217,0.045264581113140315,0.22077243752891007,0.06678634726454337,0.26849693472897157,0.08879305826326928,17.94871794871795,7.6923076923076925,0.0,35.8974358974359,7.6923076923076925,28.205128205128204,2.564102564102564
ZMB,0.05222965703744974,0.323371914281909,0.00371018707145205,0.3266695423849991,0.16840717964805663,0.10977245321763414,0.01583903595954845,0.0,57.14285714285714,0.0,28.57142857142857,14.285714285714285,0.0,0.0
ZWE,0.1584007989925643,0.09981246447811525,0.029030470992438495,0.37098369530091685,0.14622148281584182,0.0477223073442777,0.14782874934220067,16.666666666666664,0.0,0.0,33.33333333333333,16.666666666666664,0.0,33.33333333333333
